persi.vald@mail.ru,qwerty66
qaction@mail.ru,qwerty66
cardanuevo@yahoo.com,qwerty66
riz.potti@mail.ru,qwerty66
kapkaev@ro.ru,qwerty66
romeo117@rambler.ru,qwerty66
poket45@mail.ru,qwerty66
estella.gorczany@gmail.com,qwerty66
vernon.zemlak@yahoo.com,qwerty66
xwiegand@vonrueden.com,qwerty66
andrew94@kozey.info,qwerty66
bjerde@lubowitz.net,qwerty66
agutkowski@gmail.com,qwerty66
astreich@yahoo.com,qwerty66
omckenzie@blanda.com,qwerty66
kirlin.maureen@hotmail.com,qwerty66
ytorphy@tillman.com,qwerty66
houston82@turner.biz,qwerty66
dlangworth@yahoo.com,qwerty66
oswaldo03@hotmail.com,qwerty66
shanelle.hudson@mraz.com,qwerty66
al68@hotmail.com,qwerty66
kari33@skiles.org,qwerty66
alvina.leannon@kessler.org,qwerty66
fisher.trace@kunde.info,qwerty66
dalton86@paucek.biz,qwerty66
olynch@gmail.com,qwerty66
usporer@stracke.info,qwerty66
kyra.okeefe@hotmail.com,qwerty66
barrows.berenice@gmail.com,qwerty66
nquitzon@green.com,qwerty66
jhessel@walker.net,qwerty66
dejuan.kutch@daugherty.com,qwerty66
ahackett@collins.com,qwerty66
will.adaline@goodwin.com,qwerty66
ike.casper@yahoo.com,qwerty66
hartmann.america@weissnat.com,qwerty66
juston72@gmail.com,qwerty66
gabriel.farrell@yahoo.com,qwerty66
qosinski@gmail.com,qwerty66
pbernier@leannon.com,qwerty66
maudie02@corkery.com,qwerty66
art.heathcote@yahoo.com,qwerty66
jefferey03@wisozk.biz,qwerty66
bauch.alford@weber.com,qwerty66
tito57@mcglynn.com,qwerty66
amara.doyle@spencer.com,qwerty66
tdurgan@goyette.com,qwerty66
nbahringer@yahoo.com,qwerty66
leanna80@beier.com,qwerty66
everett.ankunding@hartmann.com,qwerty66
kris.angelo@daugherty.com,qwerty66
abshire.quincy@yahoo.com,qwerty66
bailey.clifford@hotmail.com,qwerty66
vandervort.ansel@heidenreich.net,qwerty66
zpouros@murray.net,qwerty66
wilkinson.rylan@gusikowski.com,qwerty66
okeefe.stefan@yahoo.com,qwerty66
pouros.linda@monahan.org,qwerty66
ypaucek@schmitt.com,qwerty66
hermiston.alysha@koch.biz,qwerty66
erna69@hotmail.com,qwerty66
satterfield.hiram@gmail.com,qwerty66
maida.gorczany@gmail.com,qwerty66
sawayn.heloise@gottlieb.com,qwerty66
jromaguera@thompson.info,qwerty66
evandervort@bernhard.com,qwerty66
bgorczany@pouros.info,qwerty66
auer.dakota@hotmail.com,qwerty66
rbartoletti@borer.org,qwerty66
mdamore@pagac.info,qwerty66
ritchie.aliyah@gmail.com,qwerty66
lubowitz.tanner@gmail.com,qwerty66
wstreich@hotmail.com,qwerty66
graham.queenie@bartell.org,qwerty66
holden15@king.biz,qwerty66
osinski.rosalyn@dubuque.com,qwerty66
gbeahan@jacobi.com,qwerty66
jaden75@yahoo.com,qwerty66
reichel.elaina@yahoo.com,qwerty66
mnienow@yahoo.com,qwerty66
watsica.jerrod@yahoo.com,qwerty66
kilback.troy@hotmail.com,qwerty66
ziemann.helena@gmail.com,qwerty66
kziemann@welch.net,qwerty66
kayden49@yahoo.com,qwerty66
dorthy.reilly@yahoo.com,qwerty66
danyka.turcotte@ward.biz,qwerty66
clarabelle73@yahoo.com,qwerty66
wankunding@kutch.com,qwerty66
john15@langosh.com,qwerty66
pshields@heathcote.net,qwerty66
hermina.swaniawski@yahoo.com,qwerty66
juston38@hotmail.com,qwerty66
mosciski.rosie@hotmail.com,qwerty66
chloe.waelchi@yahoo.com,qwerty66
gilbert51@yahoo.com,qwerty66
sadye35@west.biz,qwerty66
xgulgowski@cassin.net,qwerty66
canderson@mann.com,qwerty66
hleannon@hotmail.com,qwerty66
jeanette.heidenreich@hotmail.com,qwerty66
nola.langosh@bergnaum.com,qwerty66
jacklyn33@okeefe.biz,qwerty66
lueilwitz.alec@gmail.com,qwerty66
fconnelly@yahoo.com,qwerty66
milan45@yahoo.com,qwerty66
dfisher@bosco.biz,qwerty66
nader.alek@yahoo.com,qwerty66
brendan47@gorczany.net,qwerty66
ila16@parker.info,qwerty66
anderson.rosalee@yahoo.com,qwerty66
vicente.orn@champlin.com,qwerty66
thad.boyle@gutkowski.org,qwerty66
ashleigh.ortiz@rutherford.net,qwerty66
maxime45@gmail.com,qwerty66
vroberts@homenick.com,qwerty66
lorenz.white@hotmail.com,qwerty66
dhagenes@doyle.com,qwerty66
hryan@wunsch.com,qwerty66
duncan30@fisher.com,qwerty66
leilani63@gmail.com,qwerty66
towne.abdiel@hotmail.com,qwerty66
rosanna03@carter.org,qwerty66
effertz.isabelle@mann.com,qwerty66
ghowell@gmail.com,qwerty66
waelchi.lester@hickle.com,qwerty66
hilbert74@hotmail.com,qwerty66
schinner.bethel@hotmail.com,qwerty66
pzieme@gmail.com,qwerty66
kuhic.earline@altenwerth.net,qwerty66
garrison.marks@gmail.com,qwerty66
arnold11@hotmail.com,qwerty66
kyler97@bosco.com,qwerty66
kilback.corine@hotmail.com,qwerty66
cremin.rylan@gerhold.com,qwerty66
loren.dibbert@yahoo.com,qwerty66
nettie.schumm@bernier.com,qwerty66
adelle95@schamberger.net,qwerty66
ewunsch@gmail.com,qwerty66
lmclaughlin@hotmail.com,qwerty66
eroob@hotmail.com,qwerty66
norris63@goodwin.biz,qwerty66
mariah.ratke@gmail.com,qwerty66
kip80@ledner.com,qwerty66
koelpin.hazle@brekke.com,qwerty66
zrath@bergnaum.com,qwerty66
psipes@ward.info,qwerty66
marco.okuneva@gmail.com,qwerty66
sister.erdman@sipes.com,qwerty66
rath.tyrell@hotmail.com,qwerty66
vgorczany@pacocha.com,qwerty66
cronin.raleigh@kreiger.com,qwerty66
treutel.stephon@schneider.com,qwerty66
merlin.heller@lesch.net,qwerty66
annabel.prohaska@yahoo.com,qwerty66
kub.muhammad@little.biz,qwerty66
tyrell95@yahoo.com,qwerty66
huels.adolphus@hotmail.com,qwerty66
mcglynn.bernice@gmail.com,qwerty66
wyman.beier@gmail.com,qwerty66
paucek.zackary@gmail.com,qwerty66
romaguera.amaya@gmail.com,qwerty66
mireya73@strosin.com,qwerty66
iroob@yahoo.com,qwerty66
wdickinson@hotmail.com,qwerty66
scottie.mosciski@yahoo.com,qwerty66
zoey.lang@hotmail.com,qwerty66
desiree.upton@quitzon.net,qwerty66
anderson.beulah@prohaska.net,qwerty66
walter.davin@gmail.com,qwerty66
itzel.mueller@hill.net,qwerty66
yundt.wellington@yahoo.com,qwerty66
larson.clare@gmail.com,qwerty66
cole.amber@sawayn.net,qwerty66
joy.legros@hotmail.com,qwerty66
haylee83@hane.com,qwerty66
myrtice51@gmail.com,qwerty66
sid60@yahoo.com,qwerty66
paul84@ondricka.biz,qwerty66
yazmin.bailey@hotmail.com,qwerty66
dee.bins@yahoo.com,qwerty66
qhammes@wilderman.com,qwerty66
veronica20@leuschke.com,qwerty66
hmurazik@ziemann.com,qwerty66
ziemann.nicola@kiehn.com,qwerty66
leta.upton@glover.info,qwerty66
kfisher@bogan.net,qwerty66
wgrady@hotmail.com,qwerty66
bcormier@yahoo.com,qwerty66
vjohnson@hauck.com,qwerty66
jarret96@yahoo.com,qwerty66
meaghan.dickens@mann.info,qwerty66
corkery.sienna@oconnell.com,qwerty66
dondricka@hotmail.com,qwerty66
mclaughlin.clark@williamson.biz,qwerty66
ulemke@schmidt.info,qwerty66
ddoyle@stokes.com,qwerty66
ronny.luettgen@lemke.org,qwerty66
welch.rodolfo@yahoo.com,qwerty66
eabernathy@vandervort.biz
christian.yundt@hagenes.com
kkiehn@hotmail.com
kulas.geo@lind.com
klocko.randal@hotmail.com
ollie77@bailey.net
becker.monte@fay.com
violet03@carter.com
edythe01@dietrich.info
jameson32@gerhold.com
wuckert.ressie@hotmail.com
mayer.edison@gmail.com
colleen.zemlak@yahoo.com
santina.schroeder@gmail.com
friesen.carolyne@swaniawski.org
jonatan.mertz@yahoo.com
qkiehn@stamm.info
satterfield.zita@hotmail.com
miller.reyna@yahoo.com
rippin.rosetta@johnson.biz
alba96@nader.info
vyundt@hotmail.com
dillan.hamill@ferry.com
delbert.larson@gmail.com
casper.reymundo@schoen.com
watsica.dell@gmail.com
rhoda.krajcik@yahoo.com
kurtis.jacobson@gmail.com
nhegmann@harvey.com
barrett.little@cassin.com
barney.nikolaus@murphy.com
cebert@hotmail.com
feil.noemie@hotmail.com
bette.ward@nolan.biz
nrempel@langosh.biz
emmerich.henry@turcotte.com
hcormier@mcglynn.com
therman@bergnaum.com
geraldine10@hotmail.com
gbeatty@yahoo.com
vern09@hotmail.com
estevan67@hotmail.com
cremin.mckenna@berge.com
eduardo76@hotmail.com
nash92@cummerata.net
isaias25@schiller.com
nicole.considine@sauer.com
rconn@yahoo.com
nmueller@hessel.com
alanis83@mosciski.org
isabell58@hotmail.com
abe.hirthe@kilback.com
brath@gmail.com
alexanne.stark@bechtelar.com
arobel@hotmail.com
lelia16@robel.org
ohara.greg@adams.com
walsh.elnora@gaylord.org
prippin@hotmail.com
rosetta09@medhurst.com
qrau@upton.com
barton.adonis@beatty.com
sschiller@trantow.com
dasia.kiehn@gmail.com
diego.white@yahoo.com
gibson.kiara@yahoo.com
mmertz@gmail.com
yhermann@yahoo.com
olson.kyler@jaskolski.info
carmella04@yahoo.com
zboncak.calista@hotmail.com
hills.rogelio@orn.com
vschimmel@gmail.com
dayna78@yahoo.com
kyleigh37@yahoo.com
rosalia00@gmail.com
cdonnelly@williamson.com
gottlieb.clyde@gmail.com
muller.lilla@jenkins.org
schumm.nayeli@miller.net
vgreenholt@hotmail.com
forn@douglas.net
zena.bailey@heaney.info
tabitha.senger@yahoo.com
angel.johnson@thompson.com
bergnaum.gordon@yahoo.com
estel.marquardt@steuber.net
murphy.joe@mitchell.com
chaim.littel@yahoo.com
ludie.dickinson@yahoo.com
reta.mills@schowalter.com
sframi@sauer.com
mckenzie.jayne@yahoo.com
hammes.maxie@balistreri.com
danika.mertz@yahoo.com
casey36@gmail.com
boyer.dayana@gmail.com
oberbrunner.mitchel@boehm.com
jorn@rogahn.net
kyla.kunde@runte.org
ruthie.kessler@botsford.com
aleuschke@weber.com
nicole29@roob.net
salma.moen@hotmail.com
aurelio.farrell@olson.info
itzel00@white.net
mackenzie.cruickshank@gmail.com
arden95@gmail.com
jayne97@hermiston.com
minnie45@nitzsche.com
shaun20@hotmail.com
xbuckridge@orn.org
gleichner.johnathan@yahoo.com
medhurst.thad@hotmail.com
mann.nadia@hotmail.com
owen36@hotmail.com
gisselle82@simonis.com
kuphal.brennan@stokes.com
pearlie.hane@hermiston.com
omayert@gmail.com
schulist.hope@lindgren.com
alindgren@hotmail.com
kaitlin88@yahoo.com
rogers.heller@gmail.com
manuela58@kautzer.info
demario.lueilwitz@gmail.com
drew.king@kreiger.com
bauch.thomas@gmail.com
cgoyette@yahoo.com
koch.duncan@daugherty.com
nicole18@gmail.com
adela05@hotmail.com
qabbott@corkery.com
grace71@smith.com
bergstrom.dannie@yahoo.com
dkunde@orn.com
greenfelder.jules@lebsack.com
mills.terrell@gmail.com
zblick@feeney.net
kobe.crist@yahoo.com
micheal34@hotmail.com
swift.dante@yahoo.com
uriah35@gmail.com
tnicolas@leffler.com
zulauf.columbus@hotmail.com
moises.trantow@predovic.biz
shayne.block@mcglynn.org
heaven32@mcglynn.com
swift.junius@gmail.com
kelli.dubuque@muller.org
javier45@yahoo.com
victor01@hotmail.com
ahmed.daugherty@gmail.com
jaylin85@fay.com
astrid.hamill@hotmail.com
uschulist@yahoo.com
weldon36@lindgren.com
dare.melvina@yahoo.com
maximilian87@yahoo.com
amina.morar@nikolaus.org
lucio.wolff@gmail.com
mkautzer@frami.com
lance71@mohr.com
colby.rice@gmail.com
xward@yahoo.com
chad.abbott@kuvalis.biz
vokon@yahoo.com
florian.purdy@krajcik.com
cristina27@gmail.com
braun.sammie@hotmail.com
brant.aufderhar@gmail.com
emraz@gmail.com
bthiel@johnson.info
kmorissette@jacobson.com
lucinda.bauch@harris.com
johan.becker@satterfield.org
reba.reichert@schoen.com
noemy97@anderson.com
aurore28@hotmail.com
forrest.smith@yahoo.com
phagenes@lindgren.net
jeramy50@gmail.com
nkeeling@yahoo.com
norbert49@hotmail.com
yortiz@yahoo.com
owen33@hotmail.com
tanner.deckow@yahoo.com
hansen.danika@gmail.com
price@hotmail.com
rhodkiewicz@veum.com
theo46@bins.org
mlindgren@beier.com
schoen.zechariah@yahoo.com
dayana.parisian@kiehn.biz
jhane@anderson.com
vpowlowski@crooks.org
gemard@yahoo.com
wconnelly@gmail.com
alfreda67@feeney.org
kenna.dubuque@gislason.info
jess35@yahoo.com
hamill.kiera@sporer.com
heller.rebeca@hotmail.com
lizeth89@leffler.com
pamela.labadie@rodriguez.org
shakira94@schaden.com
lubowitz.bennett@von.com
ekuvalis@ohara.com
carroll.estell@morar.com
maxie.kling@fritsch.biz
santina.skiles@pfeffer.biz
mills.gage@yahoo.com
mante.jarrod@gleichner.net
cnader@hotmail.com
jenifer42@king.com
bwhite@hotmail.com
brando38@hotmail.com
tracy.marquardt@hotmail.com
ewuckert@hotmail.com
ransom48@okon.com
anderson.arthur@gmail.com
boyer.louvenia@gmail.com
filomena.dooley@hotmail.com
brown.katelin@quigley.net
tierra06@hotmail.com
gerhold.tierra@hill.com
grutherford@reichel.com
mcdermott.jess@hotmail.com
grayce.abbott@smith.com
ufunk@borer.com
mdibbert@koepp.com
alanis.rice@kemmer.com
treva.strosin@wolf.com
schoen.tad@zemlak.info
bradtke.chelsea@lesch.org
vbartell@yahoo.com
shayne.zemlak@roob.com
darmstrong@kutch.com
gluettgen@paucek.com
nelle.roob@mayer.com
okon.emilio@koss.biz
brakus.ludie@bergstrom.com
harber.alysha@herzog.com
walsh.nia@reichel.com
kirlin.maryse@lesch.biz
aliya72@hotmail.com
verdie25@torphy.com
mills.marquis@cole.com
evert.greenfelder@yahoo.com
petra38@hotmail.com
craig82@yahoo.com
dimitri.kreiger@mayer.com
lydia.flatley@deckow.com
sarina.king@schimmel.biz
jeremy00@yahoo.com
brendon31@shanahan.com
ratke.kiel@connelly.com
judy29@zboncak.com
ambrose.weissnat@hotmail.com
mhoeger@kuvalis.com
lane56@hotmail.com
declan56@gmail.com
sroberts@hotmail.com
vicente.hodkiewicz@jacobi.info
wwisoky@yahoo.com
rklein@yahoo.com
richard.cole@hauck.com
noe.kuvalis@gaylord.com
freeda08@hotmail.com
klittel@fisher.org
spinka.amelia@gmail.com
schuster.nikita@kemmer.com
stehr.king@sipes.com
ubeier@hotmail.com
oberbrunner.amaya@hotmail.com
carley.olson@gmail.com
rowena49@yahoo.com
hayes.will@gmail.com
hschiller@heaney.com
ykilback@green.net
hjakubowski@hotmail.com
jacobs.silas@hotmail.com
roscoe95@huel.com
weldon51@hotmail.com
era94@moen.com
wolf.scottie@yahoo.com
kendra.lueilwitz@hotmail.com
glubowitz@gmail.com
keegan.maggio@hotmail.com
murray.jo@hotmail.com
mittie76@mertz.info
kuphal.willard@hirthe.com
mateo59@dubuque.net
pacocha.lauriane@grant.com
edythe.daniel@will.com
katelyn92@gmail.com
torphy.thalia@leffler.info
jankunding@yahoo.com
cprosacco@weissnat.com
ustehr@hotmail.com
amedhurst@lockman.org
tyra.lang@schultz.com
rdeckow@fritsch.com
greenholt.christ@windler.net
mdicki@hotmail.com
oleta96@hotmail.com
imarvin@nolan.com
